{
  "notes": [
    {
      "color": [
        0.7491366210911841,
        0.7348095368460281,
        0.9980753945144809
      ],
      "position": [
        0.1059504126871616,
        -0.07365668000420555,
        -0.6996584961190819
      ]
    }
  ]
}